iteration,cost
1,5.444009
2,4.668145
3,4.643904
4,4.654076
5,4.645247
6,4.641239
7,4.642942
8,4.634586
9,4.645292
10,4.631614
11,4.639400
12,4.638763
13,4.623559
14,4.620904
15,4.626485
16,4.612156
17,4.631313
18,4.615707
19,4.625010
20,4.617308
21,4.630872
22,4.610740
23,4.613624
24,4.620395
25,4.609052
26,4.602940
27,4.616592
28,4.599615
29,4.616998
30,4.621316
31,4.613515
32,4.610003
33,4.607681
34,4.606732
35,4.608874
36,4.603148
37,4.596249
38,4.597156
39,4.595087
40,4.604412
41,4.603845
42,4.596603
43,4.607947
44,4.606723
45,4.600370
46,4.594682
47,4.601761
48,4.606653
49,4.594279
50,4.600852
51,4.602205
52,4.596035
53,4.593883
54,4.594864
55,4.591321
56,4.588070
57,4.590675
58,4.591751
59,4.600503
60,4.590486
61,4.599928
62,4.588356
63,4.588779
64,4.583717
65,4.585157
66,4.580530
67,4.579722
68,4.587107
69,4.598678
70,4.584508
71,4.583150
72,4.582945
73,4.589776
74,4.587731
75,4.583476
76,4.588539
77,4.588240
78,4.585592
79,4.585286
80,4.581118
81,4.580007
82,4.583428
83,4.579264
84,4.583588
85,4.574452
86,4.570229
87,4.575641
88,4.576407
89,4.572726
90,4.580128
91,4.578638
92,4.561566
93,4.556986
94,4.493266
95,4.343317
96,4.240698
97,4.211786
98,4.169047
99,4.143057
100,4.102303
101,4.056678
102,4.025418
103,4.002740
104,4.023843
105,3.970129
106,3.955621
107,3.961466
108,3.921619
109,3.935980
110,3.903564
111,3.896180
112,3.909286
113,3.870830
114,3.842608
115,3.836080
116,3.832833
117,3.818430
118,3.832777
119,3.778538
120,3.781900
121,3.749753
122,3.739042
123,3.723413
124,3.723701
125,3.720321
126,3.714573
127,3.665903
128,3.693902
129,3.650887
130,3.660828
131,3.628057
132,3.630166
133,3.643657
134,3.569974
135,3.569417
136,3.556423
137,3.535078
138,3.515142
139,3.488134
140,3.495616
141,3.450480
142,3.507707
143,3.470231
144,3.431280
145,3.417711
146,3.409973
147,3.379561
148,3.361861
149,3.331596
150,3.388418
151,3.357312
152,3.332525
153,3.318548
154,3.316531
155,3.307077
156,3.301175
157,3.289935
158,3.268014
159,3.249833
160,3.231358
161,3.234997
162,3.235906
163,3.202789
164,3.244523
165,3.220255
166,3.200351
167,3.177461
168,3.174240
169,3.205544
170,3.210562
171,3.167129
172,3.169589
173,3.126904
174,3.139964
175,3.124944
176,3.142341
177,3.155149
178,3.135647
179,3.115614
180,3.150181
181,3.128359
182,3.111467
183,3.128553
184,3.133773
185,3.076252
186,3.095912
187,3.055207
188,3.112353
189,3.092709
190,3.075498
191,3.040340
192,3.076351
193,3.074794
194,3.037426
195,3.068887
196,3.058549
197,3.040285
198,3.067364
199,3.016625
200,3.033276
201,3.004599
202,3.023830
203,3.013459
204,3.008152
205,3.038333
206,2.993661
207,3.016913
208,2.997479
209,3.032483
210,2.993695
211,2.982927
212,2.972002
213,3.000810
214,2.966953
215,2.967519
216,2.994301
217,2.974108
218,2.964481
219,2.986257
220,2.967379
221,2.957859
222,2.936593
223,2.946390
224,2.938115
225,2.946436
226,2.970609
227,2.953828
228,2.953455
229,2.946075
230,2.898927
231,2.942250
232,2.943375
233,2.950127
234,2.928713
235,2.935162
236,2.921763
237,2.923958
238,2.902240
239,2.907601
240,2.913771
241,2.914692
242,2.903615
243,2.916591
244,2.882620
245,2.890406
246,2.876203
247,2.889777
248,2.883874
249,2.871454
250,2.865558
251,2.883882
252,2.858074
253,2.870276
254,2.842653
255,2.862148
256,2.833816
257,2.864653
258,2.844479
259,2.811076
260,2.874311
261,2.849398
262,2.842792
263,2.824668
264,2.829585
265,2.837918
266,2.819020
267,2.833894
268,2.802102
269,2.827619
270,2.795074
271,2.764263
272,2.779511
273,2.779583
274,2.798504
275,2.799667
276,2.777786
277,2.797544
278,2.754752
279,2.777819
280,2.791848
281,2.771635
282,2.784500
283,2.785446
284,2.771540
285,2.763359
286,2.796047
287,2.781428
288,2.767168
289,2.769928
290,2.778226
291,2.758231
292,2.755102
293,2.777721
294,2.719978
295,2.763254
296,2.726915
297,2.705784
298,2.728131
299,2.744137
300,2.749158
301,2.720558
302,2.740921
303,2.728650
304,2.715020
305,2.724165
306,2.713317
307,2.736866
308,2.711558
309,2.718675
310,2.727258
311,2.744859
312,2.688248
313,2.704045
314,2.717682
315,2.695916
316,2.682123
317,2.702011
318,2.690307
319,2.678549
320,2.704796
321,2.704413
322,2.681256
323,2.692356
324,2.670729
325,2.647424
326,2.705758
327,2.660693
328,2.670941
329,2.646135
330,2.673160
331,2.668797
332,2.657863
333,2.663346
334,2.660338
335,2.643047
336,2.634855
337,2.671621
338,2.655320
339,2.637670
340,2.647096
341,2.678173
342,2.631764
343,2.633092
344,2.627228
345,2.611400
346,2.593702
347,2.636965
348,2.634775
349,2.640017
350,2.620858
351,2.622323
352,2.615064
353,2.618861
354,2.612051
355,2.615869
356,2.605386
357,2.591246
358,2.604686
359,2.578272
360,2.586943
361,2.592849
362,2.610869
363,2.601350
364,2.608770
365,2.587447
366,2.591136
367,2.593313
368,2.596238
369,2.582079
370,2.597836
371,2.578749
372,2.579311
373,2.586012
374,2.581538
375,2.576330
376,2.603662
377,2.569473
378,2.576078
379,2.592467
380,2.585614
381,2.552772
382,2.559324
383,2.546064
384,2.546539
385,2.563106
386,2.557072
387,2.551529
388,2.535985
389,2.555843
390,2.583744
391,2.570108
392,2.552165
393,2.539409
394,2.531047
395,2.548056
396,2.540879
397,2.514206
398,2.544961
399,2.515694
400,2.543445
401,2.536599
402,2.533360
403,2.520550
404,2.520343
405,2.539336
406,2.519239
407,2.488837
408,2.520655
409,2.503786
410,2.505225
411,2.525646
412,2.505500
413,2.514609
414,2.474131
415,2.505291
416,2.505243
417,2.502339
418,2.522441
419,2.508414
420,2.496669
421,2.470724
422,2.460856
423,2.477585
424,2.483322
425,2.505427
426,2.462135
427,2.486611
428,2.447289
429,2.474375
430,2.467317
431,2.454000
432,2.474996
433,2.483343
434,2.465347
435,2.461443
436,2.477241
437,2.485441
438,2.461503
439,2.464092
440,2.449558
441,2.486801
442,2.446747
443,2.468931
444,2.454886
445,2.459805
446,2.449439
447,2.449230
448,2.466144
449,2.454821
450,2.438149
451,2.470889
452,2.444878
453,2.434796
454,2.434014
455,2.444138
456,2.431928
457,2.438823
458,2.410579
459,2.432541
460,2.426657
461,2.458076
462,2.418443
463,2.430643
464,2.417191
465,2.424420
466,2.438084
467,2.408277
468,2.416716
469,2.408681
470,2.422860
471,2.419675
472,2.427142
473,2.399428
474,2.432218
475,2.421561
476,2.410366
477,2.423180
478,2.404698
479,2.389713
480,2.416436
481,2.392286
482,2.391101
483,2.394038
484,2.398830
485,2.398917
486,2.407491
487,2.408968
488,2.392792
489,2.412021
490,2.397008
491,2.380954
492,2.386786
493,2.393157
494,2.408693
495,2.386694
496,2.390759
497,2.390353
498,2.406109
499,2.385854
500,2.396093
501,2.370808
502,2.378297
503,2.373169
504,2.392726
505,2.341625
506,2.364052
507,2.359345
508,2.381175
509,2.354875
510,2.367284
511,2.386677
512,2.367271
513,2.378699
514,2.372385
515,2.382973
516,2.379728
517,2.344494
518,2.356066
519,2.399459
520,2.362179
521,2.371800
522,2.327714
523,2.358275
524,2.365005
525,2.361284
526,2.354439
527,2.373932
528,2.345134
529,2.343279
530,2.363100
531,2.363099
532,2.356144
533,2.329900
534,2.358973
535,2.341419
536,2.351593
537,2.329077
538,2.321198
539,2.356759
540,2.327220
541,2.333203
542,2.331417
543,2.340696
544,2.348864
545,2.354692
546,2.332590
547,2.376046
548,2.344731
549,2.333403
550,2.342426
551,2.314896
552,2.337307
553,2.325188
554,2.329266
555,2.330246
556,2.332670
557,2.338067
558,2.329219
559,2.342288
560,2.335747
561,2.324043
562,2.308301
563,2.352575
564,2.317573
565,2.321695
566,2.327625
567,2.290422
568,2.304059
569,2.314815
570,2.296109
571,2.302042
572,2.324655
573,2.311377
574,2.335973
575,2.317820
576,2.332859
577,2.312333
578,2.273863
579,2.309252
580,2.306483
581,2.305924
582,2.300658
583,2.292746
584,2.309122
585,2.310542
586,2.306953
587,2.290368
588,2.328701
589,2.309977
590,2.298766
591,2.305125
592,2.305924
593,2.300249
594,2.300066
595,2.300751
596,2.311405
597,2.275078
598,2.304745
599,2.320634
600,2.259399
601,2.305472
602,2.292782
603,2.279425
604,2.260150
605,2.251384
606,2.277697
607,2.298468
608,2.297382
609,2.283061
610,2.288189
611,2.285962
612,2.291704
613,2.292238
614,2.298399
615,2.271357
616,2.253161
617,2.289363
618,2.262550
619,2.299618
620,2.273157
621,2.272537
622,2.271422
623,2.285128
624,2.279650
625,2.268675
626,2.275861
627,2.254420
628,2.261079
629,2.283588
630,2.276172
631,2.263319
632,2.278602
633,2.255061
634,2.264912
635,2.245450
636,2.259912
637,2.268232
638,2.277436
639,2.256158
640,2.288121
641,2.263357
642,2.270711
643,2.240573
644,2.266276
645,2.267144
646,2.259092
647,2.263514
648,2.277572
649,2.247328
650,2.248100
651,2.254185
652,2.259369
653,2.281500
654,2.261910
655,2.259906
656,2.233988
657,2.265174
658,2.260882
659,2.275185
660,2.232040
661,2.242231
662,2.240415
663,2.250344
664,2.241131
665,2.289580
666,2.234933
667,2.248069
668,2.233050
669,2.267889
670,2.264225
671,2.240337
672,2.233162
673,2.234670
674,2.240314
675,2.241223
676,2.254084
677,2.251055
678,2.240236
679,2.228286
680,2.241822
681,2.241181
682,2.247467
683,2.242497
684,2.246240
685,2.235082
686,2.234564
687,2.237866
688,2.234135
689,2.247062
690,2.239920
691,2.245770
692,2.224363
693,2.238133
694,2.219211
695,2.246558
696,2.232247
697,2.232777
698,2.214225
699,2.223459
700,2.233312
701,2.233190
702,2.244832
703,2.228468
704,2.212962
705,2.222193
706,2.230413
707,2.246255
708,2.234224
709,2.219724
710,2.247264
711,2.238567
712,2.238869
713,2.246102
714,2.230611
715,2.227845
716,2.208099
717,2.225873
718,2.234998
719,2.210091
720,2.217565
721,2.210737
722,2.196384
723,2.195224
724,2.222785
725,2.194802
726,2.218569
727,2.232546
728,2.224410
729,2.212725
730,2.227261
731,2.224101
732,2.228962
733,2.218272
734,2.224860
735,2.232246
736,2.186637
737,2.216670
738,2.234425
739,2.198602
740,2.222112
741,2.190635
742,2.205160
743,2.231338
744,2.207819
745,2.232392
746,2.183911
747,2.200414
748,2.219387
749,2.226835
750,2.181688
751,2.205954
752,2.204065
753,2.196739
754,2.217503
755,2.215008
756,2.185737
757,2.195984
758,2.194412
759,2.192888
760,2.158828
761,2.207156
762,2.217876
763,2.209877
764,2.188161
765,2.213937
766,2.222739
767,2.218472
768,2.211147
769,2.176816
770,2.205564
771,2.229621
772,2.218212
773,2.169819
774,2.223778
775,2.200859
776,2.226155
777,2.188615
778,2.190183
779,2.215358
780,2.206943
781,2.204781
782,2.178254
783,2.224258
784,2.192776
785,2.200841
786,2.204159
787,2.214914
788,2.186899
789,2.183127
790,2.207096
791,2.183254
792,2.179364
793,2.206857
794,2.173332
795,2.189053
796,2.217126
797,2.185489
798,2.173586
799,2.175227
800,2.185162
801,2.173545
802,2.178611
803,2.190375
804,2.190596
805,2.181152
806,2.197665
807,2.165156
808,2.188420
809,2.144330
810,2.209462
811,2.196690
812,2.185155
813,2.208410
814,2.157762
815,2.186238
816,2.193672
817,2.191103
818,2.171233
819,2.182968
820,2.153990
821,2.201343
822,2.175705
823,2.168519
824,2.189971
825,2.185806
826,2.168616
827,2.214142
828,2.180104
829,2.160038
830,2.177266
831,2.212781
832,2.192146
833,2.192003
834,2.171131
835,2.176206
836,2.179694
837,2.181668
838,2.173804
839,2.170803
840,2.168787
841,2.180018
842,2.158418
843,2.164980
844,2.156611
845,2.175823
846,2.185211
847,2.172913
848,2.203119
849,2.158893
850,2.160575
851,2.166231
852,2.170699
853,2.170861
854,2.187341
855,2.170845
856,2.176596
857,2.175438
858,2.162281
859,2.154124
860,2.182213
861,2.154741
862,2.185465
863,2.170735
864,2.178900
865,2.167811
866,2.163418
867,2.155006
868,2.162986
869,2.151498
870,2.160651
871,2.154714
872,2.165849
873,2.162100
874,2.173607
875,2.150981
876,2.164664
877,2.140187
878,2.143885
879,2.174672
880,2.189475
881,2.134105
882,2.172893
883,2.173109
884,2.188283
885,2.150863
886,2.138427
887,2.140866
888,2.180224
889,2.185379
890,2.169163
891,2.147940
892,2.154186
893,2.143448
894,2.164150
895,2.169677
896,2.158139
897,2.163619
898,2.136730
899,2.178059
900,2.134491
901,2.169674
902,2.141491
903,2.144302
904,2.126215
905,2.178794
906,2.151931
907,2.143536
908,2.143123
909,2.156788
910,2.165444
911,2.138428
912,2.153572
913,2.146761
914,2.152163
915,2.150784
916,2.162332
917,2.162260
918,2.124868
919,2.165563
920,2.157723
921,2.128556
922,2.143865
923,2.150597
924,2.150147
925,2.140995
926,2.150434
927,2.127721
928,2.165975
929,2.145160
930,2.154338
931,2.135734
932,2.133400
933,2.154320
934,2.140414
935,2.133033
936,2.147861
937,2.144838
938,2.151122
939,2.130497
940,2.164355
941,2.176072
942,2.149102
943,2.154738
944,2.155065
945,2.143989
946,2.157073
947,2.158510
948,2.137739
949,2.139431
950,2.135822
951,2.121042
952,2.156031
953,2.152128
954,2.118805
955,2.143201
956,2.132330
957,2.122851
958,2.165936
959,2.129251
960,2.160314
961,2.126638
962,2.166617
963,2.128991
964,2.156581
965,2.161212
966,2.136633
967,2.132675
968,2.117858
969,2.126387
970,2.132050
971,2.138772
972,2.123117
973,2.150059
974,2.118142
975,2.110329
976,2.131764
977,2.136717
978,2.144542
979,2.146568
980,2.139547
981,2.129768
982,2.115650
983,2.142488
984,2.104360
985,2.121026
986,2.141101
987,2.123725
988,2.141338
989,2.130957
990,2.117014
991,2.121455
992,2.149802
993,2.115820
994,2.119460
995,2.147462
996,2.142655
997,2.129133
998,2.127532
999,2.127242
1000,2.122438
1001,2.119971
1002,2.098645
1003,2.138226
1004,2.126752
1005,2.123726
1006,2.136988
1007,2.129303
1008,2.145895
1009,2.117787
1010,2.128766
1011,2.140226
1012,2.111884
1013,2.128621
1014,2.123559
1015,2.129213
1016,2.133073
1017,2.128949
1018,2.133277
1019,2.129830
1020,2.123467
1021,2.108132
1022,2.133209
1023,2.120958
1024,2.099177
1025,2.117983
1026,2.122907
1027,2.109250
1028,2.131009
1029,2.120032
1030,2.115827
1031,2.147086
1032,2.120429
1033,2.125020
1034,2.108363
1035,2.118804
1036,2.117869
1037,2.110520
1038,2.118318
1039,2.125598
1040,2.129921
1041,2.104128
1042,2.123547
1043,2.110399
1044,2.090249
1045,2.129457
1046,2.112317
1047,2.149776
1048,2.104947
1049,2.113492
1050,2.117629
1051,2.101571
1052,2.114142
1053,2.111816
1054,2.104321
1055,2.140835
1056,2.101208
1057,2.121660
1058,2.131602
1059,2.125823
1060,2.132693
1061,2.141262
1062,2.112042
1063,2.123251
1064,2.111128
1065,2.125338
1066,2.110542
1067,2.116507
1068,2.103318
1069,2.105185
1070,2.117462
1071,2.097408
1072,2.089576
1073,2.111219
1074,2.120341
1075,2.102641
1076,2.137734
1077,2.126909
1078,2.107078
1079,2.108089
1080,2.100714
1081,2.124224
1082,2.109140
1083,2.097643
1084,2.102368
1085,2.124723
1086,2.080197
1087,2.107900
1088,2.099794
1089,2.125575
1090,2.101059
1091,2.095639
1092,2.095136
1093,2.132802
1094,2.087245
1095,2.123313
1096,2.118928
1097,2.104160
1098,2.107433
1099,2.119690
1100,2.136791
1101,2.106270
1102,2.096939
1103,2.126260
1104,2.113964
1105,2.115018
1106,2.108283
1107,2.109128
1108,2.103520
1109,2.077169
1110,2.090237
1111,2.098055
1112,2.123668
1113,2.096716
1114,2.099357
1115,2.104609
1116,2.092208
1117,2.120763
1118,2.116019
1119,2.080784
1120,2.124060
1121,2.107942
1122,2.092281
1123,2.109100
1124,2.076405
1125,2.110411
1126,2.106230
1127,2.089796
1128,2.095259
1129,2.092505
1130,2.111319
1131,2.123525
1132,2.095244
1133,2.109769
1134,2.099257
1135,2.115457
1136,2.116246
1137,2.118054
1138,2.093248
1139,2.124531
1140,2.093385
1141,2.119798
1142,2.094948
1143,2.098195
1144,2.084698
1145,2.057413
1146,2.118048
1147,2.103447
1148,2.079656
1149,2.101325
1150,2.107825
1151,2.083904
1152,2.114985
1153,2.083785
1154,2.095829
1155,2.064931
1156,2.099694
1157,2.085653
1158,2.123194
1159,2.105387
1160,2.066637
1161,2.086738
1162,2.106747
1163,2.071729
1164,2.102072
1165,2.069071
1166,2.083877
1167,2.096209
1168,2.087249
1169,2.101329
1170,2.071851
1171,2.069448
1172,2.097660
1173,2.106895
1174,2.082170
1175,2.100621
1176,2.085739
1177,2.103548
1178,2.081874
1179,2.120080
1180,2.077604
1181,2.099495
1182,2.089086
1183,2.070901
1184,2.102855
1185,2.097863
1186,2.089525
1187,2.106203
1188,2.068767
1189,2.072616
1190,2.084199
1191,2.091675
1192,2.074943
1193,2.068384
1194,2.109284
1195,2.087357
1196,2.074029
1197,2.111771
1198,2.110128
1199,2.091207
1200,2.092944
1201,2.086808
1202,2.091249
1203,2.082226
1204,2.089711
1205,2.077271
1206,2.105202
1207,2.058652
1208,2.080405
1209,2.103169
1210,2.099617
1211,2.114326
1212,2.085541
1213,2.069624
1214,2.067034
1215,2.088845
1216,2.076224
1217,2.085396
1218,2.092408
1219,2.100180
1220,2.085195
1221,2.082209
1222,2.110150
1223,2.078385
1224,2.097548
1225,2.084143
1226,2.091906
1227,2.080727
1228,2.080215
1229,2.100273
1230,2.083338
1231,2.101313
1232,2.099254
1233,2.059337
1234,2.082804
1235,2.071638
1236,2.082556
1237,2.089648
1238,2.080158
1239,2.102428
1240,2.078558
1241,2.055464
1242,2.068666
1243,2.098465
1244,2.101512
1245,2.088036
1246,2.070847
1247,2.101883
1248,2.072829
1249,2.088318
1250,2.068843
1251,2.094587
1252,2.068099
1253,2.065281
1254,2.083503
1255,2.070307
1256,2.090824
1257,2.087715
1258,2.073889
1259,2.066863
1260,2.066952
1261,2.067918
1262,2.093677
1263,2.090922
1264,2.073427
1265,2.075961
1266,2.080240
1267,2.077954
1268,2.065076
1269,2.080635
1270,2.069334
1271,2.053324
1272,2.085055
1273,2.080566
1274,2.064006
1275,2.077147
1276,2.084964
1277,2.067991
1278,2.065823
1279,2.089627
1280,2.091788
1281,2.083148
1282,2.073014
1283,2.066859
1284,2.096389
1285,2.084246
1286,2.068554
1287,2.086624
1288,2.078725
1289,2.082811
1290,2.059438
1291,2.079030
1292,2.074195
1293,2.069138
1294,2.080758
1295,2.063185
1296,2.061512
1297,2.088732
1298,2.072178
1299,2.038960
1300,2.068386
1301,2.071450
1302,2.068041
1303,2.064928
1304,2.069830
1305,2.073156
1306,2.046807
1307,2.061255
1308,2.064428
1309,2.047181
1310,2.092982
1311,2.080975
1312,2.080467
1313,2.074386
1314,2.048711
1315,2.089433
1316,2.062523
1317,2.049457
1318,2.060449
1319,2.074106
1320,2.071092
1321,2.064948
1322,2.068711
1323,2.059658
1324,2.074878
1325,2.066776
1326,2.086862
1327,2.059703
1328,2.082562
1329,2.090380
1330,2.048997
1331,2.094565
1332,2.069460
1333,2.073176
1334,2.050676
1335,2.069258
1336,2.088265
1337,2.049257
1338,2.087342
1339,2.056163
1340,2.067630
1341,2.054685
1342,2.079702
1343,2.083492
1344,2.037012
1345,2.070388
1346,2.061670
1347,2.044383
1348,2.065225
1349,2.025372
1350,2.045857
1351,2.060137
1352,2.074308
1353,2.082816
1354,2.057155
1355,2.064624
1356,2.064186
1357,2.063492
1358,2.083532
1359,2.056508
1360,2.050534
1361,2.043994
1362,2.070310
1363,2.066293
1364,2.047077
1365,2.061419
1366,2.069343
1367,2.072766
1368,2.061043
1369,2.040565
1370,2.052107
1371,2.052880
1372,2.071470
1373,2.039490
1374,2.043853
1375,2.078272
1376,2.053189
1377,2.045444
1378,2.066966
1379,2.060203
1380,2.076898
1381,2.069701
1382,2.034221
1383,2.040526
1384,2.073894
1385,2.072080
1386,2.075694
1387,2.065072
1388,2.062245
1389,2.060023
1390,2.050500
1391,2.036766
1392,2.040304
1393,2.072477
1394,2.045732
1395,2.064032
1396,2.051014
1397,2.055048
1398,2.062484
1399,2.061608
1400,2.051063
1401,2.047149
1402,2.052087
1403,2.051846
1404,2.053135
1405,2.064782
1406,2.058322
1407,2.038470
1408,2.059437
1409,2.052104
1410,2.067063
1411,2.068116
1412,2.065317
1413,2.054618
1414,2.056151
1415,2.049606
1416,2.044399
1417,2.050083
1418,2.050222
1419,2.065243
1420,2.049652
1421,2.036373
1422,2.052584
1423,2.035880
1424,2.040358
1425,2.041445
1426,2.049362
1427,2.046102
1428,2.044359
1429,2.062145
1430,2.039484
1431,2.060963
1432,2.049627
1433,2.068940
1434,2.050765
1435,2.044409
1436,2.087300
1437,2.051295
1438,2.077356
1439,2.040912
1440,2.060366
1441,2.041795
1442,2.075372
1443,2.036781
1444,2.039126
1445,2.065402
1446,2.038758
1447,2.020753
1448,2.052297
1449,2.062362
1450,2.057769
1451,2.047413
1452,2.041287
1453,2.009914
1454,2.033745
1455,2.093557
1456,2.055861
1457,2.054227
1458,2.057116
1459,2.050256
1460,2.052590
1461,2.058444
1462,2.021791
1463,2.039626
1464,2.031842
1465,2.034257
1466,2.059417
1467,2.075356
1468,2.027680
1469,2.041836
1470,2.056077
1471,2.063563
1472,2.047905
1473,2.062444
1474,2.034894
1475,2.037130
1476,2.030418
1477,2.047514
1478,2.047571
1479,2.087508
1480,2.043555
1481,2.049702
1482,2.058191
1483,2.052874
1484,2.047115
1485,2.053065
1486,2.074128
1487,2.028479
1488,2.043782
1489,2.030933
1490,2.023095
1491,2.052770
1492,2.051112
1493,2.033750
1494,2.067554
1495,2.049511
1496,2.041444
1497,2.036812
1498,2.044413
1499,2.053565
1500,2.054468
1501,2.051808
1502,2.037462
1503,2.048194
1504,2.046271
1505,2.039112
1506,2.031560
1507,2.044249
1508,2.045409
1509,2.053727
1510,2.042145
1511,2.036865
1512,2.049923
1513,2.039064
1514,2.038294
1515,2.039632
1516,2.031051
1517,2.054983
1518,2.031462
1519,2.057061
1520,2.066167
1521,2.053422
1522,2.052744
1523,2.024881
1524,2.027383
1525,2.047884
1526,2.074196
1527,2.015166
1528,2.034400
1529,2.028299
1530,2.044380
1531,2.057219
1532,2.029621
1533,2.035560
1534,2.047279
1535,2.034136
1536,2.039207
1537,2.057361
1538,2.051619
1539,2.037234
1540,2.049219
1541,2.057553
1542,2.015513
1543,2.034810
1544,2.039232
1545,2.022391
1546,2.040097
1547,2.045095
1548,2.010720
1549,2.014984
1550,2.027132
1551,2.027680
1552,2.008505
1553,2.054900
1554,2.047496
1555,2.016132
1556,2.041004
1557,2.058090
1558,2.040534
1559,2.053496
1560,2.052948
1561,2.032331
1562,2.041830
1563,2.039064
1564,2.032730
1565,2.035142
1566,2.043031
1567,2.044105
1568,2.028188
1569,2.050865
1570,2.066053
1571,2.019389
1572,2.021933
1573,2.032265
1574,2.033181
1575,2.018761
1576,2.013214
1577,2.012282
1578,2.043470
1579,2.025672
1580,2.047859
1581,2.026474
1582,2.034794
1583,2.038145
1584,2.038516
1585,2.031940
1586,2.051822
1587,2.026594
1588,2.044831
1589,2.018431
1590,2.025933
1591,2.037077
1592,2.034458
1593,2.044980
1594,2.029121
1595,2.014649
1596,2.006778
1597,2.029193
1598,2.026279
1599,2.014122
1600,2.019025
1601,2.023083
1602,2.022805
1603,2.025425
1604,2.030670
1605,2.023900
1606,2.050685
1607,2.031126
1608,2.049364
1609,2.046309
1610,2.021370
1611,2.020894
1612,2.022313
1613,2.037107
1614,2.010121
1615,2.039897
1616,2.033810
1617,2.032331
1618,2.030083
1619,2.045205
1620,2.028323
1621,2.038964
1622,2.024392
1623,2.048943
1624,2.043242
1625,2.032333
1626,2.036290
1627,2.032343
1628,2.036189
1629,2.038354
1630,2.014691
1631,2.045017
1632,2.028058
1633,2.036857
1634,2.044062
1635,2.005279
1636,2.043664
1637,2.052613
1638,2.019053
1639,2.015182
1640,1.991444
1641,2.032535
1642,2.047228
1643,2.046623
1644,2.030782
1645,2.033006
1646,2.046069
1647,2.027635
1648,2.035985
1649,2.040535
1650,2.029544
1651,2.045527
1652,2.025334
1653,2.030765
1654,2.045393
1655,2.038234
1656,2.024578
1657,2.029868
1658,2.039098
1659,2.001712
1660,2.043443
1661,2.020007
1662,2.031837
1663,2.023632
1664,2.032421
1665,2.042282
1666,2.015809
1667,2.043821
1668,1.996792
1669,2.040783
1670,2.036696
1671,2.017008
1672,2.033460
1673,2.005663
1674,2.012753
1675,2.007766
1676,2.034507
1677,2.036979
1678,2.028192
1679,2.020257
1680,2.022166
1681,2.010215
1682,2.038392
1683,2.047704
1684,2.025463
1685,2.019970
1686,2.010357
1687,2.021560
1688,2.007098
1689,2.010009
1690,2.035950
1691,2.021308
1692,1.999471
1693,2.037106
1694,2.012907
1695,2.013733
1696,2.029553
1697,2.002298
1698,2.042931
1699,2.038402
1700,2.033933
1701,2.013081
1702,2.016804
1703,2.055627
1704,2.020578
1705,2.003578
1706,2.013877
1707,2.032055
1708,2.018656
1709,2.027758
1710,2.052718
1711,2.022910
1712,2.033936
1713,2.032039
1714,2.031492
1715,2.046818
1716,2.043110
1717,2.026437
1718,2.046419
1719,2.043837
1720,2.012338
1721,2.007215
1722,2.011348
1723,2.026607
1724,2.005317
1725,2.007289
1726,2.041909
1727,2.036412
1728,1.994615
1729,2.019657
1730,2.015037
1731,2.012423
1732,2.016399
1733,2.001854
1734,1.981480
1735,2.012001
1736,2.000624
1737,2.019864
1738,2.027901
1739,2.010986
1740,2.017561
1741,2.022097
1742,2.015655
1743,2.038183
1744,2.028531
1745,2.037559
1746,2.025196
1747,2.018554
1748,2.027105
1749,2.028258
1750,2.010592
1751,2.033094
1752,2.040008
1753,1.993512
1754,2.020940
1755,2.006111
1756,2.009947
1757,2.013398
1758,2.029768
1759,2.016718
1760,2.019478
1761,1.999581
1762,2.020115
1763,2.032263
1764,2.011943
1765,2.002093
1766,2.010597
1767,2.013924
1768,2.021322
1769,2.006594
1770,2.008778
1771,2.033337
1772,2.012280
1773,2.005733
1774,2.013215
1775,2.016417
1776,2.004954
1777,2.011493
1778,2.030834
1779,2.029348
1780,2.021680
1781,2.013031
1782,2.012720
1783,2.033486
1784,2.020955
1785,2.029514
1786,2.002099
1787,2.007257
1788,2.011548
1789,2.002685
1790,2.033184
1791,1.985977
1792,2.034433
1793,2.002826
1794,2.030724
1795,1.996214
1796,2.021865
1797,2.015105
1798,2.001333
1799,1.999401
1800,2.006207
1801,2.038934
1802,2.006931
1803,2.009262
1804,2.028445
1805,2.000144
1806,2.006100
1807,2.027527
1808,2.038058
1809,2.008989
1810,2.001404
1811,2.048707
1812,2.005478
1813,2.010242
1814,2.002837
1815,2.018063
1816,2.016855
1817,2.003493
1818,1.980776
1819,2.045818
1820,2.012490
1821,2.017127
1822,2.021020
1823,2.000345
1824,2.004772
1825,2.024585
1826,2.026097
1827,2.016051
1828,2.006733
1829,2.015930
1830,2.021660
1831,1.997231
1832,2.026710
1833,1.996754
1834,1.998672
1835,2.025911
1836,2.005077
1837,1.990982
1838,2.018104
1839,2.011533
1840,1.998398
1841,2.021526
1842,2.027127
1843,2.026711
1844,1.975958
1845,2.020234
1846,2.011156
1847,2.018842
1848,2.000876
1849,1.999429
1850,1.981663
1851,2.006931
1852,1.997573
1853,2.033743
1854,1.979588
1855,2.019471
1856,2.012132
1857,2.002632
1858,2.007890
1859,2.008957
1860,2.005430
1861,2.024296
1862,2.005385
1863,2.008709
1864,2.024796
1865,2.001274
1866,1.995280
1867,2.030044
1868,1.998215
1869,2.006424
1870,1.997072
1871,1.989739
1872,2.005052
1873,2.009862
1874,2.021116
1875,2.020868
1876,2.016797
1877,1.999850
1878,2.024926
1879,1.981835
1880,1.988763
1881,2.011997
1882,2.003861
1883,2.006404
1884,2.010120
1885,2.018538
1886,2.011383
1887,2.016992
1888,2.010251
1889,2.009512
1890,2.002461
1891,2.000203
1892,2.012801
1893,1.974437
1894,1.999051
1895,2.006313
1896,2.018118
1897,1.999683
1898,1.990038
1899,1.992216
1900,1.996343
1901,2.015486
1902,1.988449
1903,2.005227
1904,1.974426
1905,2.002113
1906,2.009805
1907,2.017386
1908,1.972742
1909,1.999939
1910,2.012774
1911,2.007940
1912,2.012655
1913,2.011747
1914,2.005203
1915,1.991714
1916,2.008755
1917,2.014845
1918,2.005758
1919,1.991669
1920,2.017849
1921,1.987655
1922,2.007386
1923,1.996446
1924,1.982326
1925,1.978200
1926,1.999593
1927,1.999380
1928,1.986247
1929,2.002258
1930,2.002344
1931,1.995148
1932,1.993307
1933,1.980755
1934,2.003727
1935,1.982721
1936,2.008152
1937,2.007323
1938,1.987387
1939,2.020664
1940,2.015714
1941,1.993714
1942,1.988460
1943,1.983592
1944,1.979166
1945,2.000402
1946,2.010787
1947,2.005062
1948,2.005528
1949,1.984554
1950,1.990883
1951,1.992371
1952,2.024456
1953,2.028444
1954,1.991276
1955,1.992390
1956,2.009895
1957,1.992565
1958,2.004051
1959,1.976313
1960,2.015749
1961,2.015330
1962,2.004422
1963,1.994427
1964,2.007139
1965,2.013553
1966,1.996331
1967,1.976369
1968,2.021246
1969,1.987923
1970,1.999627
1971,2.010331
1972,2.007576
1973,2.001502
1974,2.002833
1975,2.005295
1976,2.017676
1977,1.973482
1978,1.990624
1979,2.026864
1980,1.982794
1981,2.001113
1982,1.998947
1983,1.989430
1984,2.014553
1985,2.007947
1986,2.011446
1987,1.992830
1988,2.015288
1989,2.005761
1990,1.991791
1991,2.003052
1992,2.013962
1993,1.997289
1994,1.971816
1995,2.012708
1996,2.000717
1997,2.020690
1998,1.993280
1999,2.007534
2000,2.006681
2001,1.988475
2002,1.992115
2003,1.991355
2004,2.001986
2005,2.016331
2006,2.010627
2007,2.007514
2008,2.014468
2009,1.987467
2010,1.984765
2011,1.972029
2012,1.989136
2013,1.996004
2014,2.022480
2015,1.989584
2016,1.999945
2017,1.979002
2018,1.981707
2019,2.026665
2020,2.013248
2021,1.983152
2022,1.992489
2023,1.994723
2024,1.999645
2025,2.019788
2026,1.999183
2027,1.994061
2028,1.974665
2029,1.991130
2030,1.996626
2031,1.980145
2032,2.013916
2033,2.003454
2034,1.985839
2035,1.986177
2036,1.987217
2037,1.980954
2038,2.006234
2039,1.998484
2040,1.988918
2041,1.979269
2042,1.995899
2043,1.981577
2044,2.007411
2045,2.003442
2046,1.987144
2047,1.989543
2048,2.008391
2049,1.992449
2050,1.988510
2051,2.012390
2052,1.952611
2053,1.971458
2054,1.989946
2055,1.994810
2056,1.989992
2057,1.971600
2058,2.015677
2059,1.990435
2060,1.994586
2061,1.975359
2062,1.993743
2063,1.998590
2064,1.982050
2065,1.988344
2066,1.991657
2067,2.008318
2068,2.010505
2069,1.984571
2070,1.991310
2071,1.983272
2072,1.980220
2073,1.996370
2074,1.976969
2075,1.999891
2076,2.013710
2077,1.995343
2078,1.980602
2079,2.009256
2080,1.978512
2081,1.994331
2082,2.018060
2083,1.995709
2084,1.985100
2085,1.996920
2086,1.967246
2087,2.005684
2088,1.995407
2089,1.973386
2090,1.987231
2091,1.988160
2092,1.978370
2093,1.967170
2094,1.961388
2095,1.983235
2096,1.977980
2097,2.004844
2098,1.998068
2099,1.996506
2100,2.009594
2101,1.989172
2102,2.009980
2103,1.976100
2104,1.986987
2105,2.003752
2106,2.006478
2107,1.988462
2108,2.005395
2109,1.984780
2110,1.984702
2111,1.973746
2112,1.995706
2113,2.018584
2114,1.997018
2115,1.977501
2116,1.978081
2117,1.986111
2118,1.980733
2119,1.992009
2120,1.981655
2121,1.962163
2122,1.994850
2123,1.996636
2124,2.009724
2125,1.990858
2126,1.991207
2127,2.007686
2128,1.992866
2129,1.984840
2130,1.979042
2131,1.970018
2132,1.974191
2133,1.978317
2134,1.960986
2135,1.970051
2136,1.989689
2137,2.011649
2138,1.998022
2139,1.970095
2140,1.997666
2141,1.979796
2142,1.992682
2143,1.969786
2144,2.007059
2145,1.956521
2146,1.972392
2147,1.962185
2148,1.997808
2149,1.997282
2150,1.980534
2151,1.972350
2152,1.973229
2153,1.986989
2154,1.986056
2155,2.011417
2156,1.978170
2157,1.996501
2158,1.992376
2159,1.995715
2160,1.977878
2161,1.964345
2162,1.986355
2163,1.974435
2164,1.994717
2165,1.974588
2166,1.963328
2167,1.958482
2168,1.985772
2169,2.001336
2170,2.010382
2171,1.997918
2172,1.973884
2173,2.001921
2174,1.975785
2175,1.985640
2176,1.963217
2177,1.979678
2178,1.984482
2179,1.977337
2180,1.992561
2181,1.981844
2182,1.986829
2183,1.966153
2184,1.998953
2185,2.005590
2186,2.009048
2187,1.973552
2188,1.988068
2189,1.979138
2190,1.983399
2191,1.962366
2192,1.966048
2193,1.984075
2194,2.005375
2195,1.983159
2196,1.971493
2197,1.979757
2198,1.990458
2199,1.997143
2200,1.976755
2201,2.013355
2202,1.975479
2203,1.967535
2204,1.994209
2205,1.990677
2206,1.974435
2207,1.944764
2208,1.979156
2209,1.991931
2210,1.996346
2211,1.986285
2212,1.965252
2213,1.989129
2214,1.982239
2215,1.979603
2216,1.983518
2217,2.009565
2218,1.984369
2219,1.978528
2220,1.979478
2221,1.955526
2222,1.966354
2223,1.972855
2224,1.983376
2225,1.994377
2226,1.981035
2227,1.972275
2228,1.986438
2229,2.007945
2230,1.981480
2231,1.956536
2232,1.986042
2233,1.978459
2234,1.991511
2235,1.982648
2236,1.989942
2237,1.982073
2238,1.975682
2239,1.948952
2240,1.975456
2241,1.966619
2242,1.956996
2243,1.967471
2244,1.971208
2245,1.965101
2246,1.977201
2247,1.982716
2248,1.994828
2249,1.976509
2250,1.996455
2251,1.959730
2252,1.961023
2253,1.983534
2254,1.985164
2255,1.985665
2256,1.965476
2257,2.008165
2258,1.993329
2259,2.008762
2260,1.966314
2261,1.985548
2262,1.968526
2263,1.965948
2264,1.975663
2265,1.945392
2266,1.974418
2267,1.995443
2268,1.988447
2269,1.984290
2270,1.975757
2271,1.975341
2272,1.985134
2273,1.949914
2274,1.971442
2275,1.950549
2276,1.973100
2277,1.945705
2278,1.958659
2279,1.995698
2280,1.978311
2281,1.992180
2282,1.975932
2283,1.963776
2284,1.983366
2285,1.975713
2286,1.967294
2287,1.979950
2288,1.981126
2289,1.950372
2290,1.969824
2291,1.976363
2292,1.982174
2293,2.003943
2294,1.988109
2295,1.949648
2296,1.967544
2297,1.972630
2298,1.969751
2299,1.986672
2300,1.964456
2301,2.015485
2302,1.976767
2303,1.973809
2304,1.964086
2305,1.986147
2306,1.983294
2307,1.979907
2308,1.966110
2309,1.961008
2310,1.980526
2311,1.958652
2312,1.991038
2313,1.961488
2314,1.987806
2315,1.979412
2316,1.991648
2317,1.980395
2318,1.966604
2319,1.967694
2320,1.994131
2321,1.950119
2322,1.968586
2323,1.955464
2324,1.978293
2325,1.980457
2326,1.984517
2327,1.976598
2328,1.966809
2329,1.978648
2330,1.985613
2331,1.982469
2332,1.985461
2333,1.952914
2334,1.968077
2335,1.976715
2336,1.978221
2337,1.968709
2338,1.985298
2339,1.983167
2340,1.991230
2341,1.948385
2342,2.007218
2343,1.981832
2344,1.993097
2345,1.955612
2346,1.943839
2347,1.995833
2348,1.986008
2349,1.962617
2350,1.968064
2351,1.970322
2352,1.959239
2353,1.976952
2354,1.996001
2355,1.967756
2356,1.994051
2357,1.945162
2358,1.991832
2359,1.986461
2360,1.971920
2361,1.962104
2362,1.986399
2363,1.974494
2364,1.980059
2365,1.977309
2366,1.990285
2367,2.002168
2368,1.970573
2369,1.960939
2370,1.953559
2371,1.985567
2372,1.970422
2373,1.966778
2374,1.969717
2375,1.983376
2376,1.984123
2377,1.977777
2378,1.982549
2379,1.964871
2380,1.981303
2381,1.966285
2382,1.981326
2383,1.956430
2384,1.983900
2385,1.970578
2386,1.971793
2387,1.962305
2388,1.976271
2389,1.981404
2390,1.945554
2391,1.973959
2392,1.977322
2393,1.971803
2394,1.992812
2395,1.978925
2396,1.961422
2397,1.973460
2398,1.979995
2399,1.981441
2400,1.979848
2401,1.961819
2402,1.958076
2403,1.950311
2404,1.964091
2405,1.970470
2406,1.978953
2407,1.952816
2408,1.968616
2409,1.974355
2410,1.967889
2411,1.987700
2412,1.955371
2413,1.977304
2414,1.961033
2415,1.980854
2416,1.956236
2417,1.969715
2418,1.969378
2419,1.979387
2420,1.948579
2421,1.991355
2422,1.997809
2423,1.981665
2424,1.965236
2425,1.978322
2426,1.952651
2427,1.945807
2428,1.954151
2429,1.965478
2430,1.973358
2431,1.957799
2432,1.970946
2433,1.941988
2434,1.972795
2435,1.960078
2436,1.980317
2437,1.973731
2438,1.934212
2439,1.957986
2440,1.974821
2441,1.949256
2442,1.960350
2443,1.962958
2444,1.960677
2445,1.960634
2446,1.993570
2447,1.960028
2448,1.956131
2449,1.979458
2450,1.960766
2451,1.938145
2452,1.971906
2453,1.960506
2454,1.971994
2455,1.963998
2456,1.987031
2457,1.977672
2458,1.945929
2459,1.939586
2460,1.973683
2461,1.960730
2462,1.981321
2463,1.980151
2464,1.960600
2465,1.964140
2466,1.942795
2467,1.983831
2468,1.963925
2469,1.969101
2470,1.952386
2471,1.980819
2472,1.970338
2473,1.945947
2474,1.965289
2475,1.946473
2476,1.977488
2477,1.959583
2478,1.957859
2479,1.941511
2480,1.950689
2481,1.979643
2482,1.973480
2483,1.957382
2484,1.937917
2485,1.975688
2486,1.967830
2487,1.938019
2488,1.979305
2489,1.949214
2490,1.965464
2491,1.975256
2492,1.950934
2493,1.953030
2494,1.958658
2495,1.950443
2496,1.958946
2497,1.959749
2498,1.969597
2499,1.953920
2500,1.962055
2501,1.935675
2502,1.988656
2503,1.984619
2504,1.961873
2505,1.957661
2506,1.972954
2507,1.968753
2508,1.954517
2509,1.969579
2510,1.943653
2511,1.971399
2512,1.972985
2513,1.976889
2514,1.957389
2515,1.951719
2516,1.979799
2517,1.942459
2518,1.929623
2519,1.950418
2520,1.970409
2521,1.923774
2522,1.963673
2523,1.944655
2524,1.948911
2525,1.989618
2526,1.980981
2527,1.973228
2528,1.945178
2529,1.954758
2530,1.967772
2531,1.956966
2532,1.962213
2533,1.962272
2534,1.963377
2535,1.942245
2536,1.966859
2537,1.960038
2538,1.956883
2539,1.954753
2540,1.938936
2541,1.974620
2542,1.932577
2543,1.976821
2544,1.952801
2545,1.931216
2546,1.938537
2547,1.966378
2548,1.952915
2549,1.976598
2550,1.952313
